"mintemp","maxtemp","avgtemp","sdtemp"
27.37,30.659,28.6377021723896,0.635737361875325
